,model,exp_type,prompt,pred,true,response
0,jurassic-jumbo,volition,"Answer this yes-no question about the following sentence.
Sentence: ""There are a lot of genetics at play between a Sussex and Silkie , so the offspring would vary in appearance .""
Question: In the event ""vary"", does the participant ""offspring"" act on purpose?
Answer: No
Sentence: ""I said Yep , had that truck longer than I have had most of my women .""
Question: In the event ""said"", does the participant ""I"" act on purpose?
Answer: Yes
Sentence: ""I was told to leave a restaurant because I ordered water with my meal ( apparently this is "" washing down "" your food "" ) and not ordering wine .""
Question: In the event ""told"", does the participant ""I"" act on purpose?
Answer: No
Sentence: ""The referenced TAGG # was entered as a ' New Counterparty ' , can you please let me know what counterparty this is so we can correctly assess the counterparty exposure .""
Question: In the event ""assess"", does the participant ""exposure"" act on purpose?
Answer: ",other,No,?
1,jurassic-jumbo,volition,"Answer this yes-no question about the following sentence.
Sentence: ""I used my card to purchase a meal on the menu and the total on my receipt was $ 8.95 but when I went on line to check my transaction it show $ 10.74 .""
Question: In the event ""used"", does the participant ""card"" act on purpose?
Answer: No
Sentence: ""They kill people .""
Question: In the event ""kill"", does the participant ""people"" act on purpose?
Answer: No
Sentence: """" There 's no tracking mechanism in place "" ?!?!?""
Question: In the event ""'s"", does the participant ""mechanism"" act on purpose?
Answer: No
Sentence: ""My sister in law told me about this amazing new crepe place in town , I was so excited I just wanted to go and test it out for my self !""
Question: In the event ""told"", does the participant ""me"" act on purpose?
Answer: ",other,Yes,?
2,jurassic-jumbo,volition,"Answer this yes-no question about the following sentence.
Sentence: ""A Yellowstone wolf was found dead , hit by a car , on a Colorado highway last year , several hundred miles from home .""
Question: In the event ""found"", does the participant ""wolf"" act on purpose?
Answer: No
Sentence: ""My vet told me when a dog is vomiting a lot , it could be a sign of obstruction .""
Question: In the event ""told"", does the participant ""vet"" act on purpose?
Answer: Yes
Sentence: ""I like to imagine the thought processes going on in W 's head if he were to actually read the letter , but it is hard to picture him actually reading this letter .""
Question: In the event ""picture"", does the participant ""him"" act on purpose?
Answer: No
Sentence: ""I knew a cat that died in its sleep aged 21 .""
Question: In the event ""knew"", does the participant ""cat"" act on purpose?
Answer: ",other,No,?
3,jurassic-jumbo,volition,"Answer this yes-no question about the following sentence.
Sentence: ""After 9/11 , Yazid Sufaat traveled to Afghanistan and Pakistan to work for the Taliban Medical Brigade and to continue his work with anthrax .""
Question: In the event ""traveled"", does the participant ""Sufaat"" act on purpose?
Answer: Yes
Sentence: ""At least one expert believes China 's intentions might include a surprise attempt to circle the moon with astronauts before NASA 's planned lunar return .""
Question: In the event ""include"", does the participant ""intentions"" act on purpose?
Answer: Yes
Sentence: ""Above all , we need a total absolute unity and determination of the civilized world against all three circles of evil .""
Question: In the event ""need"", does the participant ""unity"" act on purpose?
Answer: No
Sentence: ""I wanted to follow up with you regarding the creation and approval of ISDA Confirmations for the following equity trades that I understand Laurel had discussed with you previously .""
Question: In the event ""wanted"", does the participant ""I"" act on purpose?
Answer: ",other,Yes,?
4,jurassic-jumbo,volition,"Answer this yes-no question about the following sentence.
Sentence: ""I called in my order and upon arriving to pick it up , they got my order confused with someone else s .""
Question: In the event ""called"", does the participant ""I"" act on purpose?
Answer: Yes
Sentence: ""A NATO spokesman said : "" There 's no tracking mechanism to ensure they do n't fall into the wrong hands .""
Question: In the event ""fall"", does the participant ""they"" act on purpose?
Answer: No
Sentence: ""( i know that snakes that have problems going to the bathroom wo n't eat . )""
Question: In the event ""eat"", does the participant ""snakes"" act on purpose?
Answer: Yes
Sentence: ""I expected to pay for this service , but imagine my surprise when I received a bill for MORE than what I paid to have the original return prepared .""
Question: In the event ""paid"", does the participant ""I"" act on purpose?
Answer: ",other,Yes,?
5,jurassic-jumbo,volition,"Answer this yes-no question about the following sentence.
Sentence: ""His one - day mission vaulted his communist homeland into the elite circle of spacefaring nations - Russia and the United States - that can launch and sustain humans in space .""
Question: In the event ""launch"", does the participant ""circle"" act on purpose?
Answer: Yes
Sentence: ""I knew what it was and told the guy that it was n't a fps .""
Question: In the event ""knew"", does the participant ""I"" act on purpose?
Answer: Yes
Sentence: ""** Google defies US over search data **""
Question: In the event ""defies"", does the participant ""US"" act on purpose?
Answer: No
Sentence: ""Kori told me she saw you last night at Steak Night and introduced herself since I failed to do so the last time we went .""
Question: In the event ""told"", does the participant ""Kori"" act on purpose?
Answer: ",other,Yes,?
6,jurassic-jumbo,volition,"Answer this yes-no question about the following sentence.
Sentence: ""Others argue that he was to be part of a second wave of airliners directed to targets on the West Coast .""
Question: In the event ""argue"", does the participant ""Others"" act on purpose?
Answer: Yes
Sentence: ""I enjoyed my tour and i am looking for adventure tour and India heritage tours for valuable .""
Question: In the event ""enjoyed"", does the participant ""tour"" act on purpose?
Answer: No
Sentence: ""Allawi 's aged cousin and the man 's wife and daughter - in - law were abducted and guerrillas threaten to behead them if the Fallujah compaign is not stopped .""
Question: In the event ""abducted"", does the participant ""cousin"" act on purpose?
Answer: No
Sentence: ""Grand - standing is ignored .""
Question: In the event ""ignored"", does the participant ""standing"" act on purpose?
Answer: ",other,No,?
7,jurassic-jumbo,volition,"Answer this yes-no question about the following sentence.
Sentence: ""I had no problem with my delivery .""
Question: In the event ""had"", does the participant ""problem"" act on purpose?
Answer: No
Sentence: ""They worked for me and I hope they worked for you !""
Question: In the event ""hope"", does the participant ""I"" act on purpose?
Answer: Yes
Sentence: ""My wife know my harmless secret and supports me .""
Question: In the event ""know"", does the participant ""wife"" act on purpose?
Answer: Yes
Sentence: ""Sunni Iraqis contend that elections are impossible to hold under occupation .""
Question: In the event ""contend"", does the participant ""Iraqis"" act on purpose?
Answer: ",other,Yes,?
8,jurassic-jumbo,volition,"Answer this yes-no question about the following sentence.
Sentence: ""The dealer wanted $ 1300 to fix that and another $ 1500 to fix some other things .""
Question: In the event ""wanted"", does the participant ""$"" act on purpose?
Answer: No
Sentence: ""On August 21st , 2009 I ordered furniture from Hickory Furniture Mart and contracted for HDS to deliver it .""
Question: In the event ""deliver"", does the participant ""it"" act on purpose?
Answer: No
Sentence: ""For instance I asked who owned Mazda and he said with confidence that was GM , which is n't true .""
Question: In the event ""asked"", does the participant ""I"" act on purpose?
Answer: Yes
Sentence: ""Syria is surrounded by Turkey , Iraq , Jordan and Israel .""
Question: In the event ""surrounded"", does the participant ""Syria"" act on purpose?
Answer: ",other,No,?
9,jurassic-jumbo,volition,"Answer this yes-no question about the following sentence.
Sentence: """" ( China ) could be the second country to do that , "" Pike said .""
Question: In the event ""said"", does the participant ""Pike"" act on purpose?
Answer: Yes
Sentence: ""It is rumored that North Korea has at least a couple nuclear weapons .""
Question: In the event ""rumored"", does the participant ""It"" act on purpose?
Answer: No
Sentence: ""Attached is a forecast for the rest of the summer for the X ( NWP and PGT ) .""
Question: In the event ""Attached"", does the participant ""forecast"" act on purpose?
Answer: No
Sentence: ""I have to say that the baby does not scream after her of anything ... he / she sleeps .""
Question: In the event ""scream"", does the participant ""baby"" act on purpose?
Answer: ",other,Yes,?
10,jurassic-jumbo,volition,"Answer this yes-no question about the following sentence.
Sentence: ""I wish all happy holidays , and moreso , peace on earth .""
Question: In the event ""wish"", does the participant ""I"" act on purpose?
Answer: Yes
Sentence: ""That indicates that they thrive in different water chemistries .""
Question: In the event ""indicates"", does the participant ""That"" act on purpose?
Answer: No
Sentence: ""The Commission 's hearings begin tomorrow at 10 AM ( PST ) .""
Question: In the event ""begin"", does the participant ""hearings"" act on purpose?
Answer: Yes
Sentence: ""I have wavy hair and she cut to my hair style .""
Question: In the event ""cut"", does the participant ""she"" act on purpose?
Answer: ",other,Yes,?
11,jurassic-jumbo,volition,"Answer this yes-no question about the following sentence.
Sentence: ""'' We have a very small number of forces in Shindand with a few helicopters , '' says Barno .""
Question: In the event ""says"", does the participant ""Barno"" act on purpose?
Answer: Yes
Sentence: ""Linda Robertson says they should be charged to Jim Steffes ' cost center , etc .""
Question: In the event ""charged"", does the participant ""they"" act on purpose?
Answer: No
Sentence: ""Prices for electricity jumped from an average of $ 249 a megawatt to $ 700 a megawatt within three days , ISO records show .""
Question: In the event ""jumped"", does the participant ""Prices"" act on purpose?
Answer: No
Sentence: ""In the photo on the couch , the pillow she is resting on clashes with everything else in the shot .""
Question: In the event ""resting"", does the participant ""she"" act on purpose?
Answer: ",other,Yes,?
12,jurassic-jumbo,volition,"Answer this yes-no question about the following sentence.
Sentence: ""The initial reservoir reports estimate reserves of 80 - 120 million barrels of sour crude and they estimate initial production to be 40,000 bpd starting in 1Q 2003 .""
Question: In the event ""estimate"", does the participant ""reports"" act on purpose?
Answer: No
Sentence: ""I use Miracle Cloth , they 're fantastic , just do n't use fabric softener or dryer sheets when cleaning them , it ruins their "" grabbing "" ability .""
Question: In the event ""use"", does the participant ""I"" act on purpose?
Answer: Yes
Sentence: ""I have a 9 month old German Shepherd that I raised from a puppy .""
Question: In the event ""have"", does the participant ""I"" act on purpose?
Answer: Yes
Sentence: ""My father re-secured the petroleum assets of Kuwait in 1991 at a cost of sixty - one billion U.S. dollars ( $ 61,000,000,000 ) .""
Question: In the event ""re-secured"", does the participant ""father"" act on purpose?
Answer: ",other,Yes,?
13,jurassic-jumbo,volition,"Answer this yes-no question about the following sentence.
Sentence: ""They needed someone that could convince the jury they had been able to see all relevant documents in CIA files on Wilson .""
Question: In the event ""convince"", does the participant ""someone"" act on purpose?
Answer: Yes
Sentence: ""I highlight the relevant skills in the summary .""
Question: In the event ""highlight"", does the participant ""I"" act on purpose?
Answer: Yes
Sentence: """" The information transmitted is intended only for the person or entity to which it is addressed and may contain confidential and / or privileged material .""
Question: In the event ""addressed"", does the participant ""it"" act on purpose?
Answer: No
Sentence: ""I hope you have a great summer .""
Question: In the event ""hope"", does the participant ""I"" act on purpose?
Answer: ",other,Yes,?
14,jurassic-jumbo,volition,"Answer this yes-no question about the following sentence.
Sentence: ""He dated a beautiful young woman working on the campaign .""
Question: In the event ""dated"", does the participant ""woman"" act on purpose?
Answer: Yes
Sentence: ""I recommend this company to ANYONE and everyone that needs great work done at a reasonable rate !""
Question: In the event ""recommend"", does the participant ""company"" act on purpose?
Answer: No
Sentence: ""It is our belief that this compensation plan will produce some of the largest checks in network marketing history .""
Question: In the event ""produce"", does the participant ""some"" act on purpose?
Answer: No
Sentence: ""They need to update the locker rooms ASAP .""
Question: In the event ""update"", does the participant ""rooms"" act on purpose?
Answer: ",other,No,?
15,jurassic-jumbo,volition,"Answer this yes-no question about the following sentence.
Sentence: ""My boyfriend and I were woken up in the middle of the night at our campsite by drunken kids who 'd arrived around 1:00 am and were drinking at the springs .""
Question: In the event ""arrived"", does the participant ""kids"" act on purpose?
Answer: Yes
Sentence: ""His one - day mission vaulted his communist homeland into the elite circle of spacefaring nations - Russia and the United States - that can launch and sustain humans in space .""
Question: In the event ""vaulted"", does the participant ""mission"" act on purpose?
Answer: No
Sentence: ""America cried wolf in Iraq , and what 's scary is that sooner or later , that wolf will probably get us .""
Question: In the event ""cried"", does the participant ""America"" act on purpose?
Answer: Yes
Sentence: ""the guy came on time and did n't take any breaks , he went straight to work and finished the job efficiently and promptly !""
Question: In the event ""came"", does the participant ""guy"" act on purpose?
Answer: ",other,Yes,?
16,jurassic-jumbo,volition,"Answer this yes-no question about the following sentence.
Sentence: ""I like shrimp , fried , grilled , or steamed .""
Question: In the event ""like"", does the participant ""shrimp"" act on purpose?
Answer: No
Sentence: ""Archibald says that in a campaign full of dedicated workers , Mr. Bush was not one of them .""
Question: In the event ""says"", does the participant ""Archibald"" act on purpose?
Answer: Yes
Sentence: ""For instance I asked who owned Mazda and he said with confidence that was GM , which is n't true .""
Question: In the event ""owned"", does the participant ""who"" act on purpose?
Answer: Yes
Sentence: ""i have a 1 and a half year old male neutered cat and a new 2 month old spayed female kitten .""
Question: In the event ""have"", does the participant ""cat"" act on purpose?
Answer: ",other,No,?
17,jurassic-jumbo,volition,"Answer this yes-no question about the following sentence.
Sentence: ""There are deals in the Aruba book so I 'm not sure why you are n't picking those up .""
Question: In the event ""picking"", does the participant ""you"" act on purpose?
Answer: Yes
Sentence: ""I sent this to Mary last week .""
Question: In the event ""sent"", does the participant ""this"" act on purpose?
Answer: No
Sentence: ""None of them did , and most importantly , the winning bidders did not .""
Question: In the event ""did"", does the participant ""None"" act on purpose?
Answer: Yes
Sentence: ""They know that the American advent implies for them a demotion , and an elevation of the Shiites and Kurds , and they refuse to go quietly .""
Question: In the event ""refuse"", does the participant ""they"" act on purpose?
Answer: ",other,Yes,?
18,jurassic-jumbo,volition,"Answer this yes-no question about the following sentence.
Sentence: ""I wish all happy holidays , and moreso , peace on earth .""
Question: In the event ""wish"", does the participant ""holidays"" act on purpose?
Answer: No
Sentence: ""Chahine said her immediate family spent about $ 20,000 to return to Detroit via Syria and Jordan .""
Question: In the event ""spent"", does the participant ""$"" act on purpose?
Answer: No
Sentence: ""That rejection got to the point that George Harrison kicked Yoko Ono in the Apple studios during the filming of Let it Be .""
Question: In the event ""kicked"", does the participant ""Harrison"" act on purpose?
Answer: Yes
Sentence: ""I read an Article in Time magazine accusing the Iranian Government of being willing to start a nuclear war and I sympathise with the Article .""
Question: In the event ""read"", does the participant ""I"" act on purpose?
Answer: ",other,Yes,?
19,jurassic-jumbo,volition,"Answer this yes-no question about the following sentence.
Sentence: ""Some board members pushed to have Winter removed , but there were concerns such action would lead to more chaos , the governor 's spokesman Maviglio said .""
Question: In the event ""said"", does the participant ""Maviglio"" act on purpose?
Answer: Yes
Sentence: ""Attached is PG&E 's Gas Accord II ( GA II ) Settlement Proposal .""
Question: In the event ""Attached"", does the participant ""Proposal"" act on purpose?
Answer: No
Sentence: ""The only reason I switched away from them in the first place is because my good friend who apprenticed with them was starting out on his own .""
Question: In the event ""switched"", does the participant ""I"" act on purpose?
Answer: Yes
Sentence: ""My next - door neighbor heard the noise and turned on a light , thankfully scaring the two miscreants away ( they even left their hammer behind ! ) .""
Question: In the event ""scaring"", does the participant ""miscreants"" act on purpose?
Answer: ",other,No,?
20,jurassic-jumbo,volition,"Answer this yes-no question about the following sentence.
Sentence: ""They were from all accounts marginalized and not listened to .""
Question: In the event ""marginalized"", does the participant ""They"" act on purpose?
Answer: No
Sentence: """" At some point , Patricia tripped or the bear tripped her and was at her back .""
Question: In the event ""tripped"", does the participant ""her"" act on purpose?
Answer: No
Sentence: ""Performance - You get the same in all , just get a good TV .""
Question: In the event ""get"", does the participant ""You"" act on purpose?
Answer: Yes
Sentence: ""The Commission 's hearings begin tomorrow at 10 AM ( PST ) .""
Question: In the event ""begin"", does the participant ""hearings"" act on purpose?
Answer: ",other,Yes,?
21,jurassic-jumbo,volition,"Answer this yes-no question about the following sentence.
Sentence: ""I choose Console Pros and I 'm happy I did .""
Question: In the event ""choose"", does the participant ""I"" act on purpose?
Answer: Yes
Sentence: ""But there are strong hints in the country that a new Indo - Sri Lanka defense deal could be in the making .""
Question: In the event ""are"", does the participant ""hints"" act on purpose?
Answer: No
Sentence: ""A team from the court managed to take his deposition before he died .""
Question: In the event ""died"", does the participant ""he"" act on purpose?
Answer: No
Sentence: ""Al - Sharq al - Awsat reports that a key eyewitness in the trial of Saddam Hussein for a 1982 massacre at Dujail has died .""
Question: In the event ""died"", does the participant ""eyewitness"" act on purpose?
Answer: ",other,No,?
22,jurassic-jumbo,volition,"Answer this yes-no question about the following sentence.
Sentence: ""On August 21st , 2009 I ordered furniture from Hickory Furniture Mart and contracted for HDS to deliver it .""
Question: In the event ""deliver"", does the participant ""it"" act on purpose?
Answer: No
Sentence: ""I got a coupon from Pennysaver for this station .""
Question: In the event ""got"", does the participant ""coupon"" act on purpose?
Answer: No
Sentence: ""Sunni Iraqis contend that elections are impossible to hold under occupation .""
Question: In the event ""contend"", does the participant ""Iraqis"" act on purpose?
Answer: Yes
Sentence: ""The plants provide shade and root strength for bank stability .""
Question: In the event ""provide"", does the participant ""plants"" act on purpose?
Answer: ",other,No,?
23,jurassic-jumbo,volition,"Answer this yes-no question about the following sentence.
Sentence: ""Dessert was ... hmmm , that 's interesting , I do n't even remember dessert .""
Question: In the event ""remember"", does the participant ""dessert"" act on purpose?
Answer: No
Sentence: ""I suggest a "" blind draw "" on the teams , best ball not scramble on the golf , and as for the wager , no emails from the losing team for one week !""
Question: In the event ""suggest"", does the participant ""draw"" act on purpose?
Answer: No
Sentence: ""I had my wedding luncheon at this BJ s restaurant , and it was one of the best choices that I made .""
Question: In the event ""had"", does the participant ""luncheon"" act on purpose?
Answer: No
Sentence: ""Chahine said her immediate family spent about $ 20,000 to return to Detroit via Syria and Jordan .""
Question: In the event ""spent"", does the participant ""family"" act on purpose?
Answer: ",other,Yes,?
24,jurassic-jumbo,volition,"Answer this yes-no question about the following sentence.
Sentence: ""This action accelerated the utilities ' move toward bankruptcy and forced the governor to move the state into the power - buying business . """"
Question: In the event ""forced"", does the participant ""governor"" act on purpose?
Answer: No
Sentence: ""The name was derived from the founder 's name Dr. Michael Cowpland .""
Question: In the event ""derived"", does the participant ""name"" act on purpose?
Answer: No
Sentence: ""Enron continues to feel free to move me around at will .""
Question: In the event ""move"", does the participant ""me"" act on purpose?
Answer: No
Sentence: ""That rejection got to the point that George Harrison kicked Yoko Ono in the Apple studios during the filming of Let it Be .""
Question: In the event ""kicked"", does the participant ""Harrison"" act on purpose?
Answer: ",No,Yes,(No)
25,jurassic-jumbo,volition,"Answer this yes-no question about the following sentence.
Sentence: ""They refused .""
Question: In the event ""refused"", does the participant ""They"" act on purpose?
Answer: Yes
Sentence: ""He has encyclopedic knowledge of hundreds of different Supreme Court cases , and he can recite details from memory .""
Question: In the event ""has"", does the participant ""He"" act on purpose?
Answer: Yes
Sentence: ""I thought that I had gained my cockatiel 's trust , but now he 's not coming to me when I open his cage .""
Question: In the event ""thought"", does the participant ""I"" act on purpose?
Answer: Yes
Sentence: ""James J. Hoecker , the former Federal Energy Regulatory Commission chairman , defended making the December decision and also defended Winter .""
Question: In the event ""defended"", does the participant ""Hoecker"" act on purpose?
Answer: ",other,Yes,?
26,jurassic-jumbo,volition,"Answer this yes-no question about the following sentence.
Sentence: ""My car broke down and roadside towed my vehicle to Sussman Kia .""
Question: In the event ""broke"", does the participant ""car"" act on purpose?
Answer: No
Sentence: ""I ended up paying much more .""
Question: In the event ""paying"", does the participant ""more"" act on purpose?
Answer: No
Sentence: ""SCALIA filed a dissenting opinion , in which THOMAS and ALITO joined .""
Question: In the event ""filed"", does the participant ""SCALIA"" act on purpose?
Answer: Yes
Sentence: ""The vet said it was gastroenteritis and gave him fluids under his skin , an injection of nausea medication along with some take home antibiotics .""
Question: In the event ""said"", does the participant ""vet"" act on purpose?
Answer: ",No,Yes, No
27,jurassic-jumbo,volition,"Answer this yes-no question about the following sentence.
Sentence: ""They both went to jail and a new manager was put in charge of the apartments .""
Question: In the event ""went"", does the participant ""They"" act on purpose?
Answer: No
Sentence: ""I had the morelias enchiladas .""
Question: In the event ""had"", does the participant ""I"" act on purpose?
Answer: Yes
Sentence: ""Debbie said , it is going to be hard on me to sale my old dodge truck .""
Question: In the event ""sale"", does the participant ""truck"" act on purpose?
Answer: No
Sentence: ""I have the following suggestion for our company .""
Question: In the event ""have"", does the participant ""suggestion"" act on purpose?
Answer: ",other,No,?
28,jurassic-jumbo,volition,"Answer this yes-no question about the following sentence.
Sentence: ""U.S. President George W. Bush shakes hands with Chinese President Hu Jintao in a bilateral meeting in Santiago .""
Question: In the event ""shakes"", does the participant ""Bush"" act on purpose?
Answer: Yes
Sentence: ""I knew what it was and told the guy that it was n't a fps .""
Question: In the event ""knew"", does the participant ""I"" act on purpose?
Answer: Yes
Sentence: ""The pictures are broadcast at a rate of about 60 Hz , which is how fast they need to move for us to see them as a moving , flawless picture .""
Question: In the event ""broadcast"", does the participant ""pictures"" act on purpose?
Answer: No
Sentence: ""Dr. Wallen explained the procedure in detail and took his time with me .""
Question: In the event ""explained"", does the participant ""Wallen"" act on purpose?
Answer: ",other,Yes,?
29,jurassic-jumbo,volition,"Answer this yes-no question about the following sentence.
Sentence: ""I left with a case of BRAWLER !!!! !""
Question: In the event ""left"", does the participant ""I"" act on purpose?
Answer: Yes
Sentence: ""They showed some kids on TV , and they were quite taken with it .""
Question: In the event ""showed"", does the participant ""They"" act on purpose?
Answer: Yes
Sentence: ""Cities such as Falluja received special treatment from Saddam and enjoyed a disproportionate share of the country 's wealth and power .""
Question: In the event ""received"", does the participant ""treatment"" act on purpose?
Answer: No
Sentence: ""Spa We tried the spa on the Liberty and loved it .""
Question: In the event ""tried"", does the participant ""We"" act on purpose?
Answer: ",other,Yes,?
30,jurassic-jumbo,volition,"Answer this yes-no question about the following sentence.
Sentence: ""All of the doors tend to look alike and having ' something ' on your door helps you and your kids find your room easier .""
Question: In the event ""tend"", does the participant ""All"" act on purpose?
Answer: No
Sentence: ""I used to tan down the street before I was referred to this place by one of my friends .""
Question: In the event ""used"", does the participant ""I"" act on purpose?
Answer: Yes
Sentence: ""WE AT HOME LOVE IT AT $ 80 +++""
Question: In the event ""LOVE"", does the participant ""WE"" act on purpose?
Answer: Yes
Sentence: ""More people die from AIDS in one day in Africa than all the Russians who died in the hands of Chechnya - based Moslem suicide murderers since that conflict started .""
Question: In the event ""die"", does the participant ""people"" act on purpose?
Answer: ",other,No,?
31,jurassic-jumbo,volition,"Answer this yes-no question about the following sentence.
Sentence: ""Bradley 's record of 300 phenophases found that even prior to 1999 , spring was arriving in higher latitudes several weeks earlier than in the earlier years of her data .""
Question: In the event ""arriving"", does the participant ""spring"" act on purpose?
Answer: No
Sentence: ""Oh my , you asked this question at the perfect time .""
Question: In the event ""asked"", does the participant ""you"" act on purpose?
Answer: Yes
Sentence: ""I know that we address audit rights in the LLC agreement so this may not matter anyway if this is a right they already have .""
Question: In the event ""know"", does the participant ""I"" act on purpose?
Answer: Yes
Sentence: ""The owner warned me that it was the best salsa I would ever had , and he was right .""
Question: In the event ""warned"", does the participant ""owner"" act on purpose?
Answer: ",other,Yes,?
32,jurassic-jumbo,volition,"Answer this yes-no question about the following sentence.
Sentence: ""Reggie said he will pay us soon .""
Question: In the event ""pay"", does the participant ""he"" act on purpose?
Answer: Yes
Sentence: ""All of the doors tend to look alike and having ' something ' on your door helps you and your kids find your room easier .""
Question: In the event ""tend"", does the participant ""All"" act on purpose?
Answer: No
Sentence: ""Dignitaries condemn the act but visit her bereaved family and the money flows .""
Question: In the event ""condemn"", does the participant ""act"" act on purpose?
Answer: No
Sentence: ""I had my wedding luncheon at this BJ s restaurant , and it was one of the best choices that I made .""
Question: In the event ""had"", does the participant ""luncheon"" act on purpose?
Answer: ",other,No,?
33,jurassic-jumbo,volition,"Answer this yes-no question about the following sentence.
Sentence: ""The Sunni AMS told Iraqis , "" You sinned when you participated with occupation forces in the assault on Najaf , and beware lest you repeat this same sin in Fallujah .""
Question: In the event ""told"", does the participant ""AMS"" act on purpose?
Answer: Yes
Sentence: ""A state Senate committee is set today to start serving 16 subpoenas on electricity producers and officials who manage California 's energy grid to determine whether they acted in concert to manipulate energy prices .""
Question: In the event ""serving"", does the participant ""subpoenas"" act on purpose?
Answer: No
Sentence: ""But there are strong hints in the country that a new Indo - Sri Lanka defense deal could be in the making .""
Question: In the event ""are"", does the participant ""hints"" act on purpose?
Answer: No
Sentence: ""Sheriff 's deputies in Louisiana made a third arrest Wednesday in the ongoing investigation of a case involving allegations of sexual abuse of children and animals at a Ponchatoula , La. , church .""
Question: In the event ""made"", does the participant ""deputies"" act on purpose?
Answer: ",other,Yes,?
34,jurassic-jumbo,volition,"Answer this yes-no question about the following sentence.
Sentence: ""The letter bombs were sent in connection with the treatment of the Egyptian islamists imprisoned for the earlier attack on the WTC and a related plot .""
Question: In the event ""sent"", does the participant ""bombs"" act on purpose?
Answer: No
Sentence: ""Debbie said , it is going to be hard on me to sale my old dodge truck .""
Question: In the event ""sale"", does the participant ""truck"" act on purpose?
Answer: No
Sentence: ""I started this page to help with my boredom .""
Question: In the event ""started"", does the participant ""I"" act on purpose?
Answer: Yes
Sentence: """" There have no business being there unless they are undermining Pakistan , '' says a Pakistani official .""
Question: In the event ""undermining"", does the participant ""Pakistan"" act on purpose?
Answer: ",other,No,?
35,jurassic-jumbo,volition,"Answer this yes-no question about the following sentence.
Sentence: ""Ramtanu Maitra writes for a number of international journals and is a regular contributor to the Washington - based EIR and the New Delhi - based Indian Defense Review .""
Question: In the event ""writes"", does the participant ""Maitra"" act on purpose?
Answer: Yes
Sentence: ""they recovered the pics geeksquad deleted .""
Question: In the event ""recovered"", does the participant ""pics"" act on purpose?
Answer: No
Sentence: ""They indicated they could use Steve 's help face to face at some point .""
Question: In the event ""indicated"", does the participant ""They"" act on purpose?
Answer: Yes
Sentence: ""But the menu had standard stuff that one would get at a Belgian Tavern .""
Question: In the event ""had"", does the participant ""menu"" act on purpose?
Answer: ",other,No,?
36,jurassic-jumbo,volition,"Answer this yes-no question about the following sentence.
Sentence: ""Lo and behold , they replaced the screen ( which had to be ordered ) yesterday and did n't charge me a dime .""
Question: In the event ""charge"", does the participant ""me"" act on purpose?
Answer: No
Sentence: ""They showed some kids on TV , and they were quite taken with it .""
Question: In the event ""showed"", does the participant ""They"" act on purpose?
Answer: Yes
Sentence: ""John , Per and I discussed the hostile environment issue and we are both concerned that we may have some repercussions .""
Question: In the event ""discussed"", does the participant ""John"" act on purpose?
Answer: Yes
Sentence: ""A sender purporting to be islamist sent cyanide in both early 2002 and early 2003 in New Zealand and ingredients of nerve gas in Belgium in 2003 .""
Question: In the event ""sent"", does the participant ""sender"" act on purpose?
Answer: ",other,Yes,?
37,jurassic-jumbo,volition,"Answer this yes-no question about the following sentence.
Sentence: ""America cried wolf in Iraq , and what 's scary is that sooner or later , that wolf will probably get us .""
Question: In the event ""cried"", does the participant ""America"" act on purpose?
Answer: Yes
Sentence: ""I dropped the truck off in the morning and it was ready that afternoon .""
Question: In the event ""dropped"", does the participant ""I"" act on purpose?
Answer: Yes
Sentence: ""I think this entity should stay with 83N .""
Question: In the event ""think"", does the participant ""I"" act on purpose?
Answer: Yes
Sentence: ""I highlight the relevant skills in the summary .""
Question: In the event ""highlight"", does the participant ""I"" act on purpose?
Answer: ",other,Yes,?
38,jurassic-jumbo,volition,"Answer this yes-no question about the following sentence.
Sentence: ""The biggest LTTE maritime disaster was reported in the now - defunct Asiaweek in 2001 .""
Question: In the event ""reported"", does the participant ""disaster"" act on purpose?
Answer: No
Sentence: ""I took the original piece of metal and rigged it to make due since I had to complete the job .""
Question: In the event ""complete"", does the participant ""job"" act on purpose?
Answer: No
Sentence: ""But their parents refused to accept this .""
Question: In the event ""refused"", does the participant ""parents"" act on purpose?
Answer: Yes
Sentence: ""I hope you have a great summer .""
Question: In the event ""hope"", does the participant ""I"" act on purpose?
Answer: ",other,Yes,?
39,jurassic-jumbo,volition,"Answer this yes-no question about the following sentence.
Sentence: ""Iran is encircled by Afghanistan , by the Gulf States , Iraq and the Moslem republics of the former Soviet Union .""
Question: In the event ""encircled"", does the participant ""Iran"" act on purpose?
Answer: No
Sentence: ""I thought it would pass until he started to vomit blood and would nt drink any water .""
Question: In the event ""started"", does the participant ""he"" act on purpose?
Answer: No
Sentence: ""Inhibitory Systems Control the Pattern of Activity in the Cortex""
Question: In the event ""Control"", does the participant ""Systems"" act on purpose?
Answer: No
Sentence: ""Spa We tried the spa on the Liberty and loved it .""
Question: In the event ""tried"", does the participant ""We"" act on purpose?
Answer: ",other,Yes,?
40,jurassic-jumbo,volition,"Answer this yes-no question about the following sentence.
Sentence: ""Ramtanu Maitra writes for a number of international journals and is a regular contributor to the Washington - based EIR and the New Delhi - based Indian Defense Review .""
Question: In the event ""writes"", does the participant ""Maitra"" act on purpose?
Answer: Yes
Sentence: ""My family and I thank you !!!!!!!!!!""
Question: In the event ""thank"", does the participant ""family"" act on purpose?
Answer: Yes
Sentence: ""I wanted to be very blonde and instead he pulled my root color throughout my whole hair which is a gross mousey brown .""
Question: In the event ""wanted"", does the participant ""I"" act on purpose?
Answer: Yes
Sentence: ""Well you say Miramar I say Piramar""
Question: In the event ""say"", does the participant ""you"" act on purpose?
Answer: ",other,Yes,?
41,jurassic-jumbo,volition,"Answer this yes-no question about the following sentence.
Sentence: ""But today , I got a boy and realized that he is HUGE !""
Question: In the event ""got"", does the participant ""boy"" act on purpose?
Answer: No
Sentence: ""As a result there was a problem with the weapon jamming .""
Question: In the event ""was"", does the participant ""problem"" act on purpose?
Answer: No
Sentence: ""Heh , yep , I like to wear silk chemises , panties even stockings with garter belt .""
Question: In the event ""like"", does the participant ""I"" act on purpose?
Answer: Yes
Sentence: ""Even Zawahiri 's attorney in 1999 said that Bin Laden and Zawahiri were likely to resort to the biological and chemical agents they possessed given the extradition pressure senior Al Qaeda leaders faced .""
Question: In the event ""said"", does the participant ""attorney"" act on purpose?
Answer: ",other,Yes,?
42,jurassic-jumbo,volition,"Answer this yes-no question about the following sentence.
Sentence: ""At the time , guardsmen were required to accumulate a minimum of 50 points to meet their yearly obligation .""
Question: In the event ""meet"", does the participant ""obligation"" act on purpose?
Answer: No
Sentence: """" The impacts of global warming are affecting people now in the Arctic , "" said ACIA chair Robert Corell .""
Question: In the event ""said"", does the participant ""Corell"" act on purpose?
Answer: Yes
Sentence: ""Yesterday evening , the Posada story was featured in the public television news show in Germany ( ARD , Tagesthemen ) .""
Question: In the event ""featured"", does the participant ""ARD"" act on purpose?
Answer: No
Sentence: ""Secretive efforts keep outsiders in the dark about the program 's goals""
Question: In the event ""keep"", does the participant ""outsiders"" act on purpose?
Answer: ",other,No,?
43,jurassic-jumbo,volition,"Answer this yes-no question about the following sentence.
Sentence: ""We love Little Farmer""
Question: In the event ""love"", does the participant ""Farmer"" act on purpose?
Answer: No
Sentence: ""America cried wolf in Iraq , and what 's scary is that sooner or later , that wolf will probably get us .""
Question: In the event ""cried"", does the participant ""America"" act on purpose?
Answer: Yes
Sentence: ""It is rumored that North Korea has at least a couple nuclear weapons .""
Question: In the event ""rumored"", does the participant ""It"" act on purpose?
Answer: No
Sentence: ""Jana made me feel very comfortable .""
Question: In the event ""made"", does the participant ""Jana"" act on purpose?
Answer: ",other,Yes,?
44,jurassic-jumbo,volition,"Answer this yes-no question about the following sentence.
Sentence: ""Just today I bought a medium rat for my beloved Ball Python Salazar ( name after Harry Potter ) .""
Question: In the event ""bought"", does the participant ""rat"" act on purpose?
Answer: No
Sentence: ""Some board members pushed to have Winter removed , but there were concerns such action would lead to more chaos , the governor 's spokesman Maviglio said .""
Question: In the event ""removed"", does the participant ""Winter"" act on purpose?
Answer: No
Sentence: ""Most experts believe China intends to develop a small space station of its own over the next several years .""
Question: In the event ""intends"", does the participant ""China"" act on purpose?
Answer: Yes
Sentence: ""Police said Bernard confessed to detectives that he had sex with a young girl in November 2002 and admitted to knowing about sexual acts involving children and a dog that occurred at Hosanna Church .""
Question: In the event ""said"", does the participant ""Police"" act on purpose?
Answer: ",other,Yes,?
45,jurassic-jumbo,volition,"Answer this yes-no question about the following sentence.
Sentence: ""I want to go to the cafeteria for vegetables .""
Question: In the event ""want"", does the participant ""I"" act on purpose?
Answer: Yes
Sentence: ""We need to change the lock and place posted signs at the gate .""
Question: In the event ""place"", does the participant ""signs"" act on purpose?
Answer: No
Sentence: ""Chahine said her immediate family spent about $ 20,000 to return to Detroit via Syria and Jordan .""
Question: In the event ""spent"", does the participant ""$"" act on purpose?
Answer: No
Sentence: ""Spa We tried the spa on the Liberty and loved it .""
Question: In the event ""tried"", does the participant ""We"" act on purpose?
Answer: ",other,Yes,?
46,jurassic-jumbo,volition,"Answer this yes-no question about the following sentence.
Sentence: ""I read an Article in Time magazine accusing the Iranian Government of being willing to start a nuclear war and I sympathise with the Article .""
Question: In the event ""read"", does the participant ""I"" act on purpose?
Answer: Yes
Sentence: ""Sunni Iraqis contend that elections are impossible to hold under occupation .""
Question: In the event ""contend"", does the participant ""Iraqis"" act on purpose?
Answer: Yes
Sentence: ""( I think there are close to 24,000 groups )""
Question: In the event ""think"", does the participant ""I"" act on purpose?
Answer: Yes
Sentence: ""Any of the tip - top places have great ice - cream , get them to mix it up .""
Question: In the event ""have"", does the participant ""cream"" act on purpose?
Answer: ",other,No,?
47,jurassic-jumbo,volition,"Answer this yes-no question about the following sentence.
Sentence: ""I read an Article in Time magazine accusing the Iranian Government of being willing to start a nuclear war and I sympathise with the Article .""
Question: In the event ""read"", does the participant ""I"" act on purpose?
Answer: Yes
Sentence: ""I like I Move CA - Los Angeles Movers , they moved me before , but this time they were awesome :)""
Question: In the event ""moved"", does the participant ""me"" act on purpose?
Answer: Yes
Sentence: ""Linda Robertson says they should be charged to Jim Steffes ' cost center , etc .""
Question: In the event ""says"", does the participant ""Robertson"" act on purpose?
Answer: Yes
Sentence: ""Attorney General Ashcroft explained that an "" either - or "" approach is not useful .""
Question: In the event ""explained"", does the participant ""Ashcroft"" act on purpose?
Answer: ",other,Yes,?
48,jurassic-jumbo,volition,"Answer this yes-no question about the following sentence.
Sentence: ""I seem to recall the object was to smuggle explosives .""
Question: In the event ""seem"", does the participant ""I"" act on purpose?
Answer: Yes
Sentence: ""They have the best prices locally and good customer service .""
Question: In the event ""have"", does the participant ""prices"" act on purpose?
Answer: No
Sentence: """" Wait , wait , is this 50 questions ? "" asked Bush .""
Question: In the event ""asked"", does the participant ""Bush"" act on purpose?
Answer: Yes
Sentence: ""My family loves coming to Endo Sushi . They are very nice , it is never crowded , and the food is wonderful , very delicious and fresh !""
Question: In the event ""loves"", does the participant ""family"" act on purpose?
Answer: ",other,Yes,?
49,jurassic-jumbo,volition,"Answer this yes-no question about the following sentence.
Sentence: ""It has two parts , both of which are timed for 90 seconds each and the differential between the resulting two scores determines the likelihood of having a learning disability or attention deficit disorder .""
Question: In the event ""timed"", does the participant ""both"" act on purpose?
Answer: No
Sentence: ""About 30 seconds into his address , he started flogging the terrorist issue just one more time .""
Question: In the event ""started"", does the participant ""he"" act on purpose?
Answer: Yes
Sentence: ""i emailed you saaaaaam .""
Question: In the event ""emailed"", does the participant ""i"" act on purpose?
Answer: Yes
Sentence: ""We need to change the lock and place posted signs at the gate .""
Question: In the event ""place"", does the participant ""signs"" act on purpose?
Answer: ",other,No,?
50,jurassic-jumbo,volition,"Answer this yes-no question about the following sentence.
Sentence: ""The bear dwarfed the 6 - foot - 1 Mr. Parenteau , knocking him to the ground , he said .""
Question: In the event ""dwarfed"", does the participant ""Parenteau"" act on purpose?
Answer: No
Sentence: ""I sent a customer of mine to you .""
Question: In the event ""sent"", does the participant ""I"" act on purpose?
Answer: Yes
Sentence: ""But the articles I read seemed to say the contrary .""
Question: In the event ""read"", does the participant ""I"" act on purpose?
Answer: Yes
Sentence: ""My first three children were born in Southern Ontario cities .""
Question: In the event ""born"", does the participant ""children"" act on purpose?
Answer: ",other,No,?
51,jurassic-jumbo,volition,"Answer this yes-no question about the following sentence.
Sentence: ""I have a new born daughter and she helped me with a lot .""
Question: In the event ""have"", does the participant ""daughter"" act on purpose?
Answer: No
Sentence: ""My nails looked great for the better part of 2 weeks !""
Question: In the event ""looked"", does the participant ""nails"" act on purpose?
Answer: No
Sentence: ""I know that we address audit rights in the LLC agreement so this may not matter anyway if this is a right they already have .""
Question: In the event ""address"", does the participant ""rights"" act on purpose?
Answer: No
Sentence: ""They kill people .""
Question: In the event ""kill"", does the participant ""people"" act on purpose?
Answer: ",other,No,?
52,jurassic-jumbo,volition,"Answer this yes-no question about the following sentence.
Sentence: ""The only reason I switched away from them in the first place is because my good friend who apprenticed with them was starting out on his own .""
Question: In the event ""switched"", does the participant ""I"" act on purpose?
Answer: Yes
Sentence: ""Plans are to build a private pipeline to Equilon 's West Delta # 143 platform and then bring the oil onshore .""
Question: In the event ""build"", does the participant ""pipeline"" act on purpose?
Answer: No
Sentence: ""( The heat increases their "" production "" of musk . )""
Question: In the event ""increases"", does the participant ""heat"" act on purpose?
Answer: No
Sentence: ""Prices for electricity jumped from an average of $ 249 a megawatt to $ 700 a megawatt within three days , ISO records show .""
Question: In the event ""jumped"", does the participant ""Prices"" act on purpose?
Answer: ",other,No,?
53,jurassic-jumbo,volition,"Answer this yes-no question about the following sentence.
Sentence: ""Some conservationists want the protection extended so wolves can move into other states , including Colorado , Utah and Oregon , among others .""
Question: In the event ""want"", does the participant ""protection"" act on purpose?
Answer: No
Sentence: ""Spa We tried the spa on the Liberty and loved it .""
Question: In the event ""tried"", does the participant ""We"" act on purpose?
Answer: Yes
Sentence: ""The information contained herein is based on sources that we believe to be reliable , but we do not represent that it is accurate or complete .""
Question: In the event ""based"", does the participant ""information"" act on purpose?
Answer: No
Sentence: ""I was like Ummmm i can see your ass cheeks ... he was like Oops did i forget my Underwear ???""
Question: In the event ""was"", does the participant ""I"" act on purpose?
Answer: ",other,Yes,?
54,jurassic-jumbo,volition,"Answer this yes-no question about the following sentence.
Sentence: ""I know it can take a while for results and did n't expect a miracle , but after 2 months I felt like it was not entirely worth the cost / time .""
Question: In the event ""know"", does the participant ""I"" act on purpose?
Answer: Yes
Sentence: ""I love them .""
Question: In the event ""love"", does the participant ""I"" act on purpose?
Answer: Yes
Sentence: ""Plans are to build a private pipeline to Equilon 's West Delta # 143 platform and then bring the oil onshore .""
Question: In the event ""build"", does the participant ""pipeline"" act on purpose?
Answer: No
Sentence: ""Mark Elliott tells me that you drafted some trader guidelines ( physical and financial ) for the London traders .""
Question: In the event ""drafted"", does the participant ""you"" act on purpose?
Answer: ",other,Yes,?
55,jurassic-jumbo,volition,"Answer this yes-no question about the following sentence.
Sentence: ""Musk , which is scraped from their genitals once a day for as long as they can surv ive , makes the scent of perfume last a bit longer after each application .""
Question: In the event ""makes"", does the participant ""Musk"" act on purpose?
Answer: No
Sentence: ""That indicates that they thrive in different water chemistries .""
Question: In the event ""indicates"", does the participant ""That"" act on purpose?
Answer: No
Sentence: ""That rejection got to the point that George Harrison kicked Yoko Ono in the Apple studios during the filming of Let it Be .""
Question: In the event ""kicked"", does the participant ""Harrison"" act on purpose?
Answer: Yes
Sentence: ""My boyfriend has one and when she 's hungry she attacks the pinkie right away .""
Question: In the event ""has"", does the participant ""boyfriend"" act on purpose?
Answer: ",other,Yes,?
56,jurassic-jumbo,volition,"Answer this yes-no question about the following sentence.
Sentence: ""We had an inside cabin and it is what I would recommend .""
Question: In the event ""had"", does the participant ""We"" act on purpose?
Answer: Yes
Sentence: ""The confidante and right - hand man of Dr. Ayman Zawahiri admitted that Zawahiri succeeded in obtaining anthrax and intended to use it against US targets .""
Question: In the event ""obtaining"", does the participant ""anthrax"" act on purpose?
Answer: No
Sentence: ""The latter usually consider human beings a threat but the polar bear considers humans a snack , experts said .""
Question: In the event ""consider"", does the participant ""beings"" act on purpose?
Answer: No
Sentence: ""I suggest a "" blind draw "" on the teams , best ball not scramble on the golf , and as for the wager , no emails from the losing team for one week !""
Question: In the event ""suggest"", does the participant ""I"" act on purpose?
Answer: ",other,Yes,?
57,jurassic-jumbo,volition,"Answer this yes-no question about the following sentence.
Sentence: ""I got a coupon from Pennysaver for this station .""
Question: In the event ""got"", does the participant ""coupon"" act on purpose?
Answer: No
Sentence: ""My goal , however optimistic , is to execute the risk policy by the end of today .""
Question: In the event ""execute"", does the participant ""policy"" act on purpose?
Answer: No
Sentence: ""I took the original piece of metal and rigged it to make due since I had to complete the job .""
Question: In the event ""took"", does the participant ""I"" act on purpose?
Answer: Yes
Sentence: ""Today 's incident proves that Sharon has lost his patience and his hope in peace .""
Question: In the event ""lost"", does the participant ""Sharon"" act on purpose?
Answer: ",other,Yes,?
58,jurassic-jumbo,volition,"Answer this yes-no question about the following sentence.
Sentence: ""The 99 - tonne cache of AK47s was to have been secretly flown out from a US base in Bosnia .""
Question: In the event ""was"", does the participant ""cache"" act on purpose?
Answer: No
Sentence: ""I melt brass and cast it http://www.mikegigi.com/castgobl.htm""
Question: In the event ""melt"", does the participant ""brass"" act on purpose?
Answer: No
Sentence: ""Sheriff 's deputies in Louisiana made a third arrest Wednesday in the ongoing investigation of a case involving allegations of sexual abuse of children and animals at a Ponchatoula , La. , church .""
Question: In the event ""made"", does the participant ""deputies"" act on purpose?
Answer: Yes
Sentence: ""Saddam killed every month more people than all those who died from suicide murders since the Coalition occupation of Iraq .""
Question: In the event ""died"", does the participant ""those"" act on purpose?
Answer: ",other,No,?
59,jurassic-jumbo,volition,"Answer this yes-no question about the following sentence.
Sentence: ""I have extensive experience as a technical leader in the design and development of modeling and simulation software products , mostly for the oil and gas pipeline industry .""
Question: In the event ""have"", does the participant ""experience"" act on purpose?
Answer: No
Sentence: ""My first three children were born in Southern Ontario cities .""
Question: In the event ""born"", does the participant ""children"" act on purpose?
Answer: No
Sentence: ""I hope you have a great summer .""
Question: In the event ""hope"", does the participant ""I"" act on purpose?
Answer: Yes
Sentence: ""Following on the heels of Ben 's annoucement yesterday , I thought I 'd post that I have joined Google as well .""
Question: In the event ""joined"", does the participant ""Google"" act on purpose?
Answer: ",other,No,?
60,jurassic-jumbo,volition,"Answer this yes-no question about the following sentence.
Sentence: ""I got a coupon from Pennysaver for this station .""
Question: In the event ""got"", does the participant ""coupon"" act on purpose?
Answer: No
Sentence: ""there 's these little like bait worms at jack s . petshoppe .""
Question: In the event ""'s"", does the participant ""worms"" act on purpose?
Answer: No
Sentence: ""I believe national reconciliation to be the only path forward to a new Iraq .""
Question: In the event ""believe"", does the participant ""I"" act on purpose?
Answer: Yes
Sentence: ""Iran is encircled by Afghanistan , by the Gulf States , Iraq and the Moslem republics of the former Soviet Union .""
Question: In the event ""encircled"", does the participant ""Iran"" act on purpose?
Answer: ",other,No,?
61,jurassic-jumbo,volition,"Answer this yes-no question about the following sentence.
Sentence: ""& I wan na know what food has the game pieces .""
Question: In the event ""wan"", does the participant ""I"" act on purpose?
Answer: Yes
Sentence: ""The clerics demanded talks with local US commanders .""
Question: In the event ""demanded"", does the participant ""talks"" act on purpose?
Answer: Yes
Sentence: ""To the north in Lebanon , there is serious debate within Hezbollah about entering the Lebanese political process in light of Syria 's promised withdrawal .""
Question: In the event ""entering"", does the participant ""process"" act on purpose?
Answer: No
Sentence: ""Some board members pushed to have Winter removed , but there were concerns such action would lead to more chaos , the governor 's spokesman Maviglio said .""
Question: In the event ""said"", does the participant ""Maviglio"" act on purpose?
Answer: ",other,Yes,?
62,jurassic-jumbo,volition,"Answer this yes-no question about the following sentence.
Sentence: ""At least one expert believes China 's intentions might include a surprise attempt to circle the moon with astronauts before NASA 's planned lunar return .""
Question: In the event ""include"", does the participant ""intentions"" act on purpose?
Answer: Yes
Sentence: ""The letter bombs were sent in connection with the treatment of the Egyptian islamists imprisoned for the earlier attack on the WTC and a related plot .""
Question: In the event ""sent"", does the participant ""bombs"" act on purpose?
Answer: No
Sentence: ""US troops there clashed with guerrillas in a fight that left one Iraqi dead .""
Question: In the event ""clashed"", does the participant ""troops"" act on purpose?
Answer: Yes
Sentence: ""He dated a beautiful young woman working on the campaign .""
Question: In the event ""dated"", does the participant ""woman"" act on purpose?
Answer: ",other,Yes,?
63,jurassic-jumbo,volition,"Answer this yes-no question about the following sentence.
Sentence: ""They told me that this is not under warranty and want to charge me $ 175 just to diagnose the problem !""
Question: In the event ""told"", does the participant ""They"" act on purpose?
Answer: Yes
Sentence: """" At some point , Patricia tripped or the bear tripped her and was at her back .""
Question: In the event ""tripped"", does the participant ""her"" act on purpose?
Answer: No
Sentence: ""We respect the fact that debate and discussion continue in many of our religious communities as to the scriptural , theological and liturgical issues involved .""
Question: In the event ""continue"", does the participant ""debate"" act on purpose?
Answer: No
Sentence: ""In a highly significant move Afghan Pashtun tribes along the Pakistan border warned the Taliban in Quetta and Chaman that if they try and disrupt the elections , they would be resisted .""
Question: In the event ""disrupt"", does the participant ""elections"" act on purpose?
Answer: ",other,No,?
64,jurassic-jumbo,volition,"Answer this yes-no question about the following sentence.
Sentence: ""I like to imagine the thought processes going on in W 's head if he were to actually read the letter , but it is hard to picture him actually reading this letter .""
Question: In the event ""picture"", does the participant ""him"" act on purpose?
Answer: No
Sentence: ""I saw a site that charges $ 0.70 per mile .""
Question: In the event ""saw"", does the participant ""site"" act on purpose?
Answer: No
Sentence: ""Oh my , you asked this question at the perfect time .""
Question: In the event ""asked"", does the participant ""you"" act on purpose?
Answer: Yes
Sentence: ""Jim Lobe has more on the political implications of the Fallujah assault , both in Iraq and in Washington .""
Question: In the event ""has"", does the participant ""more"" act on purpose?
Answer: ",other,No,?
65,jurassic-jumbo,volition,"Answer this yes-no question about the following sentence.
Sentence: ""I loved the atmosphere here and the food is good , however the tables are so close together that it feels very cramped .""
Question: In the event ""loved"", does the participant ""I"" act on purpose?
Answer: Yes
Sentence: ""I used to tan down the street before I was referred to this place by one of my friends .""
Question: In the event ""used"", does the participant ""I"" act on purpose?
Answer: Yes
Sentence: ""The classes cover all age and skill ranges , with BALLROOM , LATIN , SEQUENCE , STREET , DISCO , LINE DANCING , BALLET , TAP & JAZZ .""
Question: In the event ""cover"", does the participant ""ranges"" act on purpose?
Answer: No
Sentence: ""I use Miracle Cloth , they 're fantastic , just do n't use fabric softener or dryer sheets when cleaning them , it ruins their "" grabbing "" ability .""
Question: In the event ""use"", does the participant ""I"" act on purpose?
Answer: ",other,Yes,?
66,jurassic-jumbo,volition,"Answer this yes-no question about the following sentence.
Sentence: ""My first three children were born in Southern Ontario cities .""
Question: In the event ""born"", does the participant ""children"" act on purpose?
Answer: No
Sentence: ""She forwarded the Sommer letter to Stan and discussed it with him .""
Question: In the event ""forwarded"", does the participant ""letter"" act on purpose?
Answer: No
Sentence: ""Secretive efforts keep outsiders in the dark about the program 's goals""
Question: In the event ""keep"", does the participant ""outsiders"" act on purpose?
Answer: No
Sentence: ""We respect the fact that debate and discussion continue in many of our religious communities as to the scriptural , theological and liturgical issues involved .""
Question: In the event ""continue"", does the participant ""debate"" act on purpose?
Answer: ",other,No,?
67,jurassic-jumbo,volition,"Answer this yes-no question about the following sentence.
Sentence: ""I want to go to the cafeteria for vegetables .""
Question: In the event ""want"", does the participant ""I"" act on purpose?
Answer: Yes
Sentence: ""The German Expressionist movement was destroyed as a result .""
Question: In the event ""destroyed"", does the participant ""movement"" act on purpose?
Answer: No
Sentence: ""I meant to comment that I thought the people profiled in the article should pull their heads out of their self important asses .""
Question: In the event ""meant"", does the participant ""I"" act on purpose?
Answer: Yes
Sentence: ""A sender purporting to be islamist sent cyanide in both early 2002 and early 2003 in New Zealand and ingredients of nerve gas in Belgium in 2003 .""
Question: In the event ""sent"", does the participant ""cyanide"" act on purpose?
Answer: ",other,No,?
68,jurassic-jumbo,volition,"Answer this yes-no question about the following sentence.
Sentence: ""We used our BBQ on precisely 4 occasions .""
Question: In the event ""used"", does the participant ""We"" act on purpose?
Answer: Yes
Sentence: ""Pakistani officials claim there are as many as 42 RAW agents based in Kandahar and another 12 in Jalalabad .""
Question: In the event ""claim"", does the participant ""officials"" act on purpose?
Answer: Yes
Sentence: ""China wanted an overland route through its own territory , which would give it ultimate control if hostilities broke out .""
Question: In the event ""wanted"", does the participant ""route"" act on purpose?
Answer: No
Sentence: ""The S100 has a slightly larger screen and the new digic 5 processor .""
Question: In the event ""has"", does the participant ""screen"" act on purpose?
Answer: ",other,No,?
69,jurassic-jumbo,volition,"Answer this yes-no question about the following sentence.
Sentence: ""In an apparently unrelated incidents , some eleven Iraqis were killed by snipers on Tuesday , including a group of police trainees in a bus near Hilla and two police in Kirkuk .""
Question: In the event ""killed"", does the participant ""Iraqis"" act on purpose?
Answer: No
Sentence: ""I was like Ummmm i can see your ass cheeks ... he was like Oops did i forget my Underwear ???""
Question: In the event ""was"", does the participant ""I"" act on purpose?
Answer: Yes
Sentence: ""The Sunni AMS told Iraqis , "" You sinned when you participated with occupation forces in the assault on Najaf , and beware lest you repeat this same sin in Fallujah .""
Question: In the event ""told"", does the participant ""AMS"" act on purpose?
Answer: Yes
Sentence: ""In June and July of 1973 , he accumulated 56 points , enough to meet the minimum requirement for the 1973 - 1974 year .""
Question: In the event ""accumulated"", does the participant ""he"" act on purpose?
Answer: ",other,Yes,?
70,jurassic-jumbo,volition,"Answer this yes-no question about the following sentence.
Sentence: ""There are a lot of genetics at play between a Sussex and Silkie , so the offspring would vary in appearance .""
Question: In the event ""vary"", does the participant ""offspring"" act on purpose?
Answer: No
Sentence: ""I know it s in the wrong catagory , but still , I wrote this question for a reason , not for you to critisize me .""
Question: In the event ""critisize"", does the participant ""me"" act on purpose?
Answer: No
Sentence: ""Above all , we need a total absolute unity and determination of the civilized world against all three circles of evil .""
Question: In the event ""need"", does the participant ""unity"" act on purpose?
Answer: No
Sentence: ""The poor quality starts at the receptionist desk , where the staff is very impatient and lack the efficiency I once loved about the office .""
Question: In the event ""lack"", does the participant ""efficiency"" act on purpose?
Answer: ",other,No,?
71,jurassic-jumbo,volition,"Answer this yes-no question about the following sentence.
Sentence: ""Police said Bernard confessed to detectives that he had sex with a young girl in November 2002 and admitted to knowing about sexual acts involving children and a dog that occurred at Hosanna Church .""
Question: In the event ""involving"", does the participant ""children"" act on purpose?
Answer: No
Sentence: ""He showed me the car I was interested in and we took a test drive .""
Question: In the event ""showed"", does the participant ""me"" act on purpose?
Answer: Yes
Sentence: ""My boyfriend has one and when she 's hungry she attacks the pinkie right away .""
Question: In the event ""has"", does the participant ""boyfriend"" act on purpose?
Answer: Yes
Sentence: ""He gave no service to anyone , risked nothing , and did not even slack off efficiently .""
Question: In the event ""gave"", does the participant ""He"" act on purpose?
Answer: ",other,Yes,?
72,jurassic-jumbo,volition,"Answer this yes-no question about the following sentence.
Sentence: ""Guerrillas threatened to assassinate Prime Minister Iyad Allawi and Minister of Defense Hazem Shaalan in retaliation for the attack .""
Question: In the event ""assassinate"", does the participant ""Allawi"" act on purpose?
Answer: No
Sentence: ""I played dumb and asked him questions that I already knew the answers to and he responded with half truths and a few falsehoods .""
Question: In the event ""played"", does the participant ""I"" act on purpose?
Answer: Yes
Sentence: ""About 30 seconds into his address , he started flogging the terrorist issue just one more time .""
Question: In the event ""started"", does the participant ""he"" act on purpose?
Answer: Yes
Sentence: ""I believe he must have waited among the gorse bushes through which the path winds and struck him down as he passed .""
Question: In the event ""struck"", does the participant ""him"" act on purpose?
Answer: ",other,No,?
73,jurassic-jumbo,volition,"Answer this yes-no question about the following sentence.
Sentence: """" There 's no tracking mechanism in place "" ?!?!?""
Question: In the event ""'s"", does the participant ""mechanism"" act on purpose?
Answer: No
Sentence: ""In the photo on the couch , the pillow she is resting on clashes with everything else in the shot .""
Question: In the event ""resting"", does the participant ""she"" act on purpose?
Answer: Yes
Sentence: ""On the next two pictures he took screenshots of two beheading video's .""
Question: In the event ""took"", does the participant ""screenshots"" act on purpose?
Answer: No
Sentence: ""I have a day stop - over in San Francisco and my wife want to see some of the key sites .""
Question: In the event ""have"", does the participant ""I"" act on purpose?
Answer: ",other,Yes,?
74,jurassic-jumbo,volition,"Answer this yes-no question about the following sentence.
Sentence: ""For weeks , reporters scoured Alabama in search of pilots or anyone who might have remembered seeing Mr. Bush at the time he was serving in the National Guard there .""
Question: In the event ""scoured"", does the participant ""Alabama"" act on purpose?
Answer: No
Sentence: ""I apologize for the following inconvenience , but I have decided to move this group to Yahoo , so that we can post files and photos and other useful things .""
Question: In the event ""apologize"", does the participant ""I"" act on purpose?
Answer: Yes
Sentence: ""I use Miracle Cloth , they 're fantastic , just do n't use fabric softener or dryer sheets when cleaning them , it ruins their "" grabbing "" ability .""
Question: In the event ""use"", does the participant ""I"" act on purpose?
Answer: Yes
Sentence: ""Performance - You get the same in all , just get a good TV .""
Question: In the event ""get"", does the participant ""You"" act on purpose?
Answer: ",other,Yes,Depends
75,jurassic-jumbo,volition,"Answer this yes-no question about the following sentence.
Sentence: ""I work with him and since past 6 years he is hosting his websites to Liquidweb .""
Question: In the event ""work"", does the participant ""I"" act on purpose?
Answer: Yes
Sentence: ""The millions who died in the Iran - Iraq war had nothing to do with Israel .""
Question: In the event ""died"", does the participant ""millions"" act on purpose?
Answer: No
Sentence: ""I knew what it was and told the guy that it was n't a fps .""
Question: In the event ""knew"", does the participant ""I"" act on purpose?
Answer: Yes
Sentence: ""His one - day mission vaulted his communist homeland into the elite circle of spacefaring nations - Russia and the United States - that can launch and sustain humans in space .""
Question: In the event ""vaulted"", does the participant ""homeland"" act on purpose?
Answer: ",other,Yes,?
76,jurassic-jumbo,volition,"Answer this yes-no question about the following sentence.
Sentence: ""He needs more info about these trades ( i.e. , price info ) and would like to talk with you about it .""
Question: In the event ""needs"", does the participant ""info"" act on purpose?
Answer: No
Sentence: ""The poor quality starts at the receptionist desk , where the staff is very impatient and lack the efficiency I once loved about the office .""
Question: In the event ""lack"", does the participant ""efficiency"" act on purpose?
Answer: No
Sentence: ""'' President Musharraf promised to help us and cooperate with us on curbing terrorist activity by the Taliban , '' says Karzai .""
Question: In the event ""curbing"", does the participant ""activity"" act on purpose?
Answer: No
Sentence: ""The Pew researchers tried to transcend the economic argument .""
Question: In the event ""tried"", does the participant ""researchers"" act on purpose?
Answer: ",other,Yes,?
77,jurassic-jumbo,volition,"Answer this yes-no question about the following sentence.
Sentence: ""These guys tried the Ken Lay route .""
Question: In the event ""tried"", does the participant ""guys"" act on purpose?
Answer: Yes
Sentence: ""My car broke down and roadside towed my vehicle to Sussman Kia .""
Question: In the event ""broke"", does the participant ""car"" act on purpose?
Answer: No
Sentence: ""It is this circle that makes sure that women remain inferior , that democracy is unthinkable and that exposure to the outside world is minimal .""
Question: In the event ""remain"", does the participant ""women"" act on purpose?
Answer: No
Sentence: ""Lo and behold , they replaced the screen ( which had to be ordered ) yesterday and did n't charge me a dime .""
Question: In the event ""replaced"", does the participant ""they"" act on purpose?
Answer: ",other,Yes,?
78,jurassic-jumbo,volition,"Answer this yes-no question about the following sentence.
Sentence: ""I purchased a 2 - year old certified pre-owned BMW from this dealership .""
Question: In the event ""purchased"", does the participant ""BMW"" act on purpose?
Answer: No
Sentence: ""Syria is surrounded by Turkey , Iraq , Jordan and Israel .""
Question: In the event ""surrounded"", does the participant ""Syria"" act on purpose?
Answer: No
Sentence: ""Bangs said these animals are not equipped to survive in the wild , however , and they all almost certainly have died .""
Question: In the event ""died"", does the participant ""they"" act on purpose?
Answer: No
Sentence: ""I adopted a 3.5 month old yellow lab last winter from the Dumb Friends League .""
Question: In the event ""adopted"", does the participant ""I"" act on purpose?
Answer: ",other,Yes,?
79,jurassic-jumbo,volition,"Answer this yes-no question about the following sentence.
Sentence: ""There are a lot of genetics at play between a Sussex and Silkie , so the offspring would vary in appearance .""
Question: In the event ""vary"", does the participant ""offspring"" act on purpose?
Answer: No
Sentence: ""Well you say Miramar I say Piramar""
Question: In the event ""say"", does the participant ""you"" act on purpose?
Answer: Yes
Sentence: ""This means that I could be away from the office for several days and miss a message entirely , because it would have expired and disappeared by the time I returned .""
Question: In the event ""miss"", does the participant ""message"" act on purpose?
Answer: No
Sentence: ""NiMo released an additional RFP for peaking supplies for this winter , I believe Phil should have or be getting that RFP .""
Question: In the event ""believe"", does the participant ""I"" act on purpose?
Answer: ",other,Yes,?
80,jurassic-jumbo,volition,"Answer this yes-no question about the following sentence.
Sentence: ""President Bush loves him .""
Question: In the event ""loves"", does the participant ""Bush"" act on purpose?
Answer: Yes
Sentence: ""I suggest a "" blind draw "" on the teams , best ball not scramble on the golf , and as for the wager , no emails from the losing team for one week !""
Question: In the event ""suggest"", does the participant ""I"" act on purpose?
Answer: Yes
Sentence: ""But the articles I read seemed to say the contrary .""
Question: In the event ""read"", does the participant ""I"" act on purpose?
Answer: Yes
Sentence: ""We felt that the main shows on the Mariner of the Seas were better .""
Question: In the event ""felt"", does the participant ""We"" act on purpose?
Answer: ",other,Yes,?
81,jurassic-jumbo,volition,"Answer this yes-no question about the following sentence.
Sentence: ""All you want is for "" them "" to get on with it - and to leave you alone ..""
Question: In the event ""is"", does the participant ""All"" act on purpose?
Answer: No
Sentence: ""They both went to jail and a new manager was put in charge of the apartments .""
Question: In the event ""went"", does the participant ""They"" act on purpose?
Answer: No
Sentence: ""I get that careless teenager kind of treatment from some of their staff ... perhaps they should hire more serious adults to help serve / cook .""
Question: In the event ""get"", does the participant ""I"" act on purpose?
Answer: No
Sentence: ""Bradley 's record of 300 phenophases found that even prior to 1999 , spring was arriving in higher latitudes several weeks earlier than in the earlier years of her data .""
Question: In the event ""arriving"", does the participant ""spring"" act on purpose?
Answer: ",other,No,?
82,jurassic-jumbo,volition,"Answer this yes-no question about the following sentence.
Sentence: ""Two vaunted economists - one a Nobel Prize winner and the other a nationally renowned budget expert - have analyzed the data at hand and put a price tag on the Iraq occupation .""
Question: In the event ""have"", does the participant ""analyzed"" act on purpose?
Answer: No
Sentence: ""hey kido u made me smile""
Question: In the event ""made"", does the participant ""kido"" act on purpose?
Answer: Yes
Sentence: ""Enron continues to feel free to move me around at will .""
Question: In the event ""move"", does the participant ""me"" act on purpose?
Answer: No
Sentence: ""Well , I mean , you do n't have to be mad about it .""
Question: In the event ""mean"", does the participant ""I"" act on purpose?
Answer: ",other,Yes,?
83,jurassic-jumbo,volition,"Answer this yes-no question about the following sentence.
Sentence: ""These animals have the misfortune to produce a substance that is useful in the manufacture of perfume .""
Question: In the event ""have"", does the participant ""misfortune"" act on purpose?
Answer: No
Sentence: ""According to some reports , Zawahiri is thought by intelligence to be somewhere near the border of Pakistan and Afghanistan .""
Question: In the event ""thought"", does the participant ""Zawahiri"" act on purpose?
Answer: No
Sentence: ""The crop dusters were to be part of a "" second wave . """"
Question: In the event ""were"", does the participant ""dusters"" act on purpose?
Answer: No
Sentence: ""He has encyclopedic knowledge of hundreds of different Supreme Court cases , and he can recite details from memory .""
Question: In the event ""has"", does the participant ""He"" act on purpose?
Answer: ",other,Yes,?
84,jurassic-jumbo,volition,"Answer this yes-no question about the following sentence.
Sentence: ""I hope you have a huge network .""
Question: In the event ""hope"", does the participant ""I"" act on purpose?
Answer: Yes
Sentence: ""( Participants pledged to raise at least $ 100,000 by bundling together cheques of up to $ 1,000 from friends and family .""
Question: In the event ""pledged"", does the participant ""Participants"" act on purpose?
Answer: Yes
Sentence: ""Sheriff 's deputies in Louisiana made a third arrest Wednesday in the ongoing investigation of a case involving allegations of sexual abuse of children and animals at a Ponchatoula , La. , church .""
Question: In the event ""made"", does the participant ""arrest"" act on purpose?
Answer: No
Sentence: ""( I think there are close to 24,000 groups )""
Question: In the event ""think"", does the participant ""I"" act on purpose?
Answer: ",other,Yes,?
85,jurassic-jumbo,volition,"Answer this yes-no question about the following sentence.
Sentence: ""the guy came on time and did n't take any breaks , he went straight to work and finished the job efficiently and promptly !""
Question: In the event ""finished"", does the participant ""job"" act on purpose?
Answer: No
Sentence: ""They need to update the locker rooms ASAP .""
Question: In the event ""update"", does the participant ""rooms"" act on purpose?
Answer: No
Sentence: ""It has two parts , both of which are timed for 90 seconds each and the differential between the resulting two scores determines the likelihood of having a learning disability or attention deficit disorder .""
Question: In the event ""timed"", does the participant ""both"" act on purpose?
Answer: No
Sentence: ""Another problem is that sometimes bad eggs will fungus and the fungus will spread out and kill all the eggs .""
Question: In the event ""kill"", does the participant ""eggs"" act on purpose?
Answer: ",other,No,?
86,jurassic-jumbo,volition,"Answer this yes-no question about the following sentence.
Sentence: ""I did the work myself for $ 50 .""
Question: In the event ""did"", does the participant ""work"" act on purpose?
Answer: No
Sentence: ""Sussexs have soft feathers .""
Question: In the event ""have"", does the participant ""feathers"" act on purpose?
Answer: No
Sentence: ""John , Per and I discussed the hostile environment issue and we are both concerned that we may have some repercussions .""
Question: In the event ""discussed"", does the participant ""John"" act on purpose?
Answer: Yes
Sentence: ""Attached are the draft Schedule to the ISDA Master Agreement , together with Paragraph 13 to the ISDA Credit Support Annex .""
Question: In the event ""Attached"", does the participant ""Schedule"" act on purpose?
Answer: ",other,No,?
87,jurassic-jumbo,volition,"Answer this yes-no question about the following sentence.
Sentence: ""He dated a beautiful young woman working on the campaign .""
Question: In the event ""dated"", does the participant ""woman"" act on purpose?
Answer: Yes
Sentence: ""A state Senate committee is set today to start serving 16 subpoenas on electricity producers and officials who manage California 's energy grid to determine whether they acted in concert to manipulate energy prices .""
Question: In the event ""acted"", does the participant ""they"" act on purpose?
Answer: Yes
Sentence: ""& I wan na know what food has the game pieces .""
Question: In the event ""wan"", does the participant ""I"" act on purpose?
Answer: Yes
Sentence: ""I said great and Dan arrived on time at 10 am to make the repair .""
Question: In the event ""said"", does the participant ""I"" act on purpose?
Answer: ",other,Yes,?
88,jurassic-jumbo,volition,"Answer this yes-no question about the following sentence.
Sentence: ""I work for a large retail company recently expanding our operations into Canada and had to travel to ensure all of our computer network equipment was installed properly and on time .""
Question: In the event ""work"", does the participant ""I"" act on purpose?
Answer: Yes
Sentence: ""The bear dwarfed the 6 - foot - 1 Mr. Parenteau , knocking him to the ground , he said .""
Question: In the event ""dwarfed"", does the participant ""Parenteau"" act on purpose?
Answer: No
Sentence: ""Lopez addressed the note which I had written , sealed it with his sleeve - link , and sent it by the hand of the servant , Jose .""
Question: In the event ""addressed"", does the participant ""Lopez"" act on purpose?
Answer: Yes
Sentence: ""Attorney General Ashcroft explained that an "" either - or "" approach is not useful .""
Question: In the event ""explained"", does the participant ""Ashcroft"" act on purpose?
Answer: ",other,Yes,?
89,jurassic-jumbo,volition,"Answer this yes-no question about the following sentence.
Sentence: ""Pound for pound , mountain lions eat more game and more livestock than wolves .""
Question: In the event ""eat"", does the participant ""game"" act on purpose?
Answer: No
Sentence: ""But today , I got a boy and realized that he is HUGE !""
Question: In the event ""got"", does the participant ""boy"" act on purpose?
Answer: No
Sentence: ""A team from the court managed to take his deposition before he died .""
Question: In the event ""died"", does the participant ""he"" act on purpose?
Answer: No
Sentence: ""A sender purporting to be islamist sent cyanide in both early 2002 and early 2003 in New Zealand and ingredients of nerve gas in Belgium in 2003 .""
Question: In the event ""sent"", does the participant ""cyanide"" act on purpose?
Answer: ",other,No,?
90,jurassic-jumbo,volition,"Answer this yes-no question about the following sentence.
Sentence: ""Attached are the draft Schedule to the ISDA Master Agreement , together with Paragraph 13 to the ISDA Credit Support Annex .""
Question: In the event ""Attached"", does the participant ""Schedule"" act on purpose?
Answer: No
Sentence: ""In the end Nixon kept his promise for "" . peace with honor .. """"
Question: In the event ""kept"", does the participant ""Nixon"" act on purpose?
Answer: Yes
Sentence: ""Fried rice has NO flavor , it literally taste like water .""
Question: In the event ""has"", does the participant ""rice"" act on purpose?
Answer: No
Sentence: ""I had my wedding luncheon at this BJ s restaurant , and it was one of the best choices that I made .""
Question: In the event ""had"", does the participant ""luncheon"" act on purpose?
Answer: ",other,No,?
91,jurassic-jumbo,volition,"Answer this yes-no question about the following sentence.
Sentence: ""These guys tried the Ken Lay route .""
Question: In the event ""tried"", does the participant ""guys"" act on purpose?
Answer: Yes
Sentence: ""Several candidates were assassinated and targeted these last two weeks , others have been forced under threats to withdraw and to follow the example of the Islamic party .""
Question: In the event ""assassinated"", does the participant ""candidates"" act on purpose?
Answer: No
Sentence: """" The governor believes it was the defining moment , when what was a mounting problem turned into an instant crisis , "" Maviglio said .""
Question: In the event ""said"", does the participant ""Maviglio"" act on purpose?
Answer: Yes
Sentence: ""In my first week , I made about $ 25.00 .""
Question: In the event ""made"", does the participant ""I"" act on purpose?
Answer: ",other,Yes,?
92,jurassic-jumbo,volition,"Answer this yes-no question about the following sentence.
Sentence: ""Paul McCartney said that George Harrison is a nothing .""
Question: In the event ""said"", does the participant ""McCartney"" act on purpose?
Answer: Yes
Sentence: ""They kill people .""
Question: In the event ""kill"", does the participant ""people"" act on purpose?
Answer: No
Sentence: ""NiMo released an additional RFP for peaking supplies for this winter , I believe Phil should have or be getting that RFP .""
Question: In the event ""believe"", does the participant ""I"" act on purpose?
Answer: Yes
Sentence: ""There are a lot of genetics at play between a Sussex and Silkie , so the offspring would vary in appearance .""
Question: In the event ""vary"", does the participant ""offspring"" act on purpose?
Answer: ",other,No,?
93,jurassic-jumbo,volition,"Answer this yes-no question about the following sentence.
Sentence: ""( i know that snakes that have problems going to the bathroom wo n't eat . )""
Question: In the event ""eat"", does the participant ""snakes"" act on purpose?
Answer: Yes
Sentence: ""** Google defies US over search data **""
Question: In the event ""defies"", does the participant ""US"" act on purpose?
Answer: No
Sentence: ""I have a concern that the Enron optionality bug could bite us on the backside with that one .""
Question: In the event ""have"", does the participant ""concern"" act on purpose?
Answer: No
Sentence: ""He said the top three cartoons will be announced on September 2 , with the winners being awarded prizes of 12,000 , 8,000 and 5,000 dollars respectively .""
Question: In the event ""said"", does the participant ""He"" act on purpose?
Answer: ",other,Yes,?
94,jurassic-jumbo,volition,"Answer this yes-no question about the following sentence.
Sentence: ""I have a bit of experience watching the usual assembly line .""
Question: In the event ""have"", does the participant ""I"" act on purpose?
Answer: Yes
Sentence: ""NiMo released an additional RFP for peaking supplies for this winter , I believe Phil should have or be getting that RFP .""
Question: In the event ""believe"", does the participant ""I"" act on purpose?
Answer: Yes
Sentence: ""They picked my car up in Yarmouth and towed to Bath for a great price .""
Question: In the event ""picked"", does the participant ""car"" act on purpose?
Answer: No
Sentence: ""I have no inside information , but I have been following links today that strongly indicate that Google is damn serious about securing permanent control of the leading edge browser technology in Firefox .""
Question: In the event ""following"", does the participant ""I"" act on purpose?
Answer: ",other,Yes,?
95,jurassic-jumbo,volition,"Answer this yes-no question about the following sentence.
Sentence: ""We had an inside cabin and it is what I would recommend .""
Question: In the event ""had"", does the participant ""We"" act on purpose?
Answer: Yes
Sentence: ""India 's Andaman and Nicobar Islands comprise more than 500 islands lying 1,000 kilometers east of Sri Lanka in the Bay of Bengal .""
Question: In the event ""comprise"", does the participant ""Islands"" act on purpose?
Answer: No
Sentence: ""'' President Musharraf promised to help us and cooperate with us on curbing terrorist activity by the Taliban , '' says Karzai .""
Question: In the event ""curbing"", does the participant ""activity"" act on purpose?
Answer: No
Sentence: """" They can freely write anything they like about our prophet , but if one raises doubts about the Holocaust he is either fined or sent to prison , "" he added .""
Question: In the event ""raises"", does the participant ""one"" act on purpose?
Answer: ",other,Yes,?
96,jurassic-jumbo,volition,"Answer this yes-no question about the following sentence.
Sentence: ""For instance I asked who owned Mazda and he said with confidence that was GM , which is n't true .""
Question: In the event ""asked"", does the participant ""I"" act on purpose?
Answer: Yes
Sentence: ""The BBC 's Alastair Leithead in New Orleans says there is panic as vital supplies run out .""
Question: In the event ""says"", does the participant ""Leithead"" act on purpose?
Answer: Yes
Sentence: ""I highlight the relevant skills in the summary .""
Question: In the event ""highlight"", does the participant ""I"" act on purpose?
Answer: Yes
Sentence: ""I understand you may not have credit approval yet so perhaps we can leave the appropriate sections blank in the meantime .""
Question: In the event ""understand"", does the participant ""I"" act on purpose?
Answer: ",other,Yes,?
97,jurassic-jumbo,volition,"Answer this yes-no question about the following sentence.
Sentence: ""Groom says this job helped Mr. Bush understand how even in a statewide Senate campaign , politics are local .""
Question: In the event ""says"", does the participant ""Groom"" act on purpose?
Answer: Yes
Sentence: ""I ordered a kid meal with a milk and found a bottle was half opened already .""
Question: In the event ""ordered"", does the participant ""meal"" act on purpose?
Answer: No
Sentence: ""Peter Dale Scott includes an account of how Terrell 's whistleblowing was stifled by them in his book Cocaine Politics .""
Question: In the event ""includes"", does the participant ""Scott"" act on purpose?
Answer: Yes
Sentence: ""They picked my car up in Yarmouth and towed to Bath for a great price .""
Question: In the event ""picked"", does the participant ""car"" act on purpose?
Answer: ",other,No,?
98,jurassic-jumbo,volition,"Answer this yes-no question about the following sentence.
Sentence: ""He said Mr Dar , 33 , was arrested in Indian - administered Kashmir and belonged to the outlawed Lashkar - e - Toiba militant group .""
Question: In the event ""arrested"", does the participant ""Dar"" act on purpose?
Answer: No
Sentence: ""Ramtanu Maitra writes for a number of international journals and is a regular contributor to the Washington - based EIR and the New Delhi - based Indian Defense Review .""
Question: In the event ""writes"", does the participant ""Maitra"" act on purpose?
Answer: Yes
Sentence: ""According to the Citizenship and Immigration Canada web site at http://www.cic.gc.ca/english/immigrate/skilled/assess/index.asp , it states "" Note : you must meet the minimum requirements for your application to be eligible for processing . """"
Question: In the event ""meet"", does the participant ""requirements"" act on purpose?
Answer: No
Sentence: ""I guess I 'm extremely fortunate that I received a scholarship which paid about 800 f my course fees through my degree .""
Question: In the event ""guess"", does the participant ""I"" act on purpose?
Answer: ",other,Yes,?
99,jurassic-jumbo,volition,"Answer this yes-no question about the following sentence.
Sentence: ""The next day , the federal commission killed the new pricing plan .""
Question: In the event ""killed"", does the participant ""plan"" act on purpose?
Answer: No
Sentence: ""Pakistani officials claim there are as many as 42 RAW agents based in Kandahar and another 12 in Jalalabad .""
Question: In the event ""claim"", does the participant ""officials"" act on purpose?
Answer: Yes
Sentence: ""Ramtanu Maitra writes for a number of international journals and is a regular contributor to the Washington - based EIR and the New Delhi - based Indian Defense Review .""
Question: In the event ""writes"", does the participant ""Maitra"" act on purpose?
Answer: Yes
Sentence: ""I have no inside information , but I have been following links today that strongly indicate that Google is damn serious about securing permanent control of the leading edge browser technology in Firefox .""
Question: In the event ""following"", does the participant ""I"" act on purpose?
Answer: ",other,Yes,?
